id,first_name,last_name,email,gender,ip_address,country
1,Karlis,Peterkin,kpeterkin0@accuweather.com,Male,218.119.4.230,China
2,Frans,Birkbeck,fbirkbeck1@bravesites.com,Male,19.102.204.145,Indonesia
3,Katerina,Trenaman,ktrenaman2@netscape.com,Female,37.80.2.163,Russia
4,Gwen,Poles,gpoles3@virginia.edu,Female,239.171.13.229,France
5,Kris,Ambroise,kambroise4@mashable.com,Female,57.25.4.102,Indonesia
6,Nannette,Windham,nwindham5@diigo.com,Female,111.228.153.92,China
7,Evangelina,Francescotti,efrancescotti6@miibeian.gov.cn,Female,55.89.210.22,Costa Rica
8,Nerty,Fellibrand,nfellibrand7@ft.com,Female,253.160.224.178,Saint Lucia
9,Merrel,Esposito,mesposito8@cdbaby.com,Male,211.64.63.138,Mexico
10,Braden,MacDearmont,bmacdearmont9@multiply.com,Male,235.209.61.29,Philippines
11,Gertrude,Penketh,gpenketha@taobao.com,Female,27.114.101.76,Peru
12,Rana,Petris,rpetrisb@harvard.edu,Female,89.131.169.159,Mexico
13,Kennith,Robuchon,krobuchonc@trellian.com,Male,107.78.213.17,Barbados
14,Kristofer,Van Hault,kvanhaultd@amazon.de,Male,157.1.50.142,Philippines
15,Elianore,Eustice,eeusticee@wikipedia.org,Female,158.185.28.230,China
16,Leigha,Huge,lhugef@example.com,Female,170.25.194.219,Sweden
17,Elysia,Giroldi,egiroldig@epa.gov,Female,239.157.161.133,Benin
18,Frazier,Mably,fmablyh@digg.com,Male,163.122.68.105,Sweden
19,Anny,Arnet,aarneti@wikipedia.org,Female,38.162.115.154,Canada
20,Vanya,Muzzini,vmuzzinij@nationalgeographic.com,Male,175.127.118.214,Poland
21,Nadya,Hartman,nhartmank@gizmodo.com,Female,152.216.182.160,Nigeria
22,Hildagard,Lopez,hlopezl@fotki.com,Female,246.194.176.233,Sweden
23,Tibold,Mowles,tmowlesm@jigsy.com,Male,244.252.232.92,Belarus
24,Barrie,Schubert,bschubertn@state.gov,Female,26.178.193.25,France
25,Dorise,Arnaldy,darnaldyo@home.pl,Female,242.208.212.106,China
26,Josias,Mathwen,jmathwenp@ask.com,Male,138.3.214.5,Indonesia
27,Vikky,Kobelt,vkobeltq@time.com,Female,163.30.238.87,Canada
28,Aurthur,Bennett,abennettr@accuweather.com,Male,161.198.228.215,Ukraine
29,Chev,Hassett,chassetts@salon.com,Male,45.20.212.214,Brazil
30,Georgie,Baudain,gbaudaint@dagondesign.com,Male,8.127.190.67,China
31,Delmer,De Filippis,ddefilippisu@bing.com,Male,179.63.213.19,Belarus
32,Bank,Di Iorio,bdiioriov@globo.com,Male,251.193.93.94,Ireland
33,Arlena,Rich,arichw@alexa.com,Female,199.37.231.189,Philippines
34,Redd,Padell,rpadellx@a8.net,Male,117.242.251.112,Philippines
35,Ashley,Scanes,ascanesy@walmart.com,Male,100.47.123.121,China
36,Brendis,Crocken,bcrockenz@loc.gov,Male,162.53.17.255,China
37,Klarika,Murrison,kmurrison10@cpanel.net,Female,137.34.78.67,Russia
38,Laurianne,Leidecker,lleidecker11@china.com.cn,Female,212.166.100.59,Thailand
39,Warner,Leitche,wleitche12@nhs.uk,Male,145.132.225.28,Bosnia and Herzegovina
40,Nedi,Eaddy,neaddy13@phpbb.com,Female,218.63.243.136,China
41,Ravi,Cross,rcross14@earthlink.net,Male,209.140.225.14,Poland
42,Eunice,de Guise,edeguise15@ning.com,Female,120.26.2.36,Philippines
43,Brantley,Bisson,bbisson16@arstechnica.com,Male,251.131.154.213,Philippines
44,Aldon,Fagence,afagence17@123-reg.co.uk,Male,171.18.109.249,Ireland
45,Glenda,Corssen,gcorssen18@fc2.com,Female,192.147.162.68,Nigeria
46,Ivor,Girardi,igirardi19@wix.com,Male,157.76.72.216,Cambodia
47,Tedi,Iashvili,tiashvili1a@storify.com,Female,142.160.27.35,China
48,Laurie,McIlvaney,lmcilvaney1b@tmall.com,Male,242.119.111.218,Honduras
49,Drucie,Koppel,dkoppel1c@fda.gov,Female,145.101.37.107,Haiti
50,Cilka,Records,crecords1d@prlog.org,Female,120.47.232.252,Indonesia
51,Madella,Enderlein,menderlein1e@wikia.com,Female,61.122.8.73,Greece
52,Tye,Ruilton,truilton1f@paginegialle.it,Male,33.31.235.235,Chad
53,Haywood,Labell,hlabell1g@friendfeed.com,Male,223.86.20.71,Palestinian Territory
54,Feliza,Clewlowe,fclewlowe1h@dot.gov,Female,122.15.234.178,Vietnam
55,Tessa,Obington,tobington1i@hugedomains.com,Female,140.235.22.59,Indonesia
56,Rudy,Craddy,rcraddy1j@nydailynews.com,Male,23.86.83.203,Russia
57,Broderic,Balcock,bbalcock1k@tripod.com,Male,175.192.68.194,Thailand
58,Cathleen,Slevin,cslevin1l@ebay.com,Female,15.199.255.91,China
59,Armstrong,Jenik,ajenik1m@jimdo.com,Male,62.255.105.112,Indonesia
60,Freedman,Champniss,fchampniss1n@biglobe.ne.jp,Male,250.97.62.254,Honduras
61,Ambrosio,Youson,ayouson1o@alexa.com,Male,237.16.144.148,Peru
62,Sasha,Umbert,sumbert1p@ted.com,Female,58.0.244.163,China
63,Blane,Tonbye,btonbye1q@samsung.com,Male,177.166.202.47,Indonesia
64,Naoma,Benner,nbenner1r@marketwatch.com,Female,144.63.55.152,Democratic Republic of the Congo
65,Agata,Corbyn,acorbyn1s@redcross.org,Female,208.134.255.89,Argentina
66,Moishe,Simmell,msimmell1t@printfriendly.com,Male,2.56.183.69,China
67,Gabby,Biswell,gbiswell1u@fc2.com,Male,52.202.128.149,Sweden
68,Christina,Bullocke,cbullocke1v@cam.ac.uk,Female,176.214.125.111,Kazakhstan
69,Tobe,Shovelin,tshovelin1w@wired.com,Male,3.31.189.157,Russia
70,Abdel,Mattecot,amattecot1x@csmonitor.com,Male,171.220.52.160,China
71,Hart,Jantot,hjantot1y@irs.gov,Male,185.223.89.103,Finland
72,Carrol,Bassett,cbassett1z@addtoany.com,Male,37.15.153.222,China
73,Lucie,Titterell,ltitterell20@flavors.me,Female,222.172.205.209,Norway
74,Halsey,Brimming,hbrimming21@unblog.fr,Male,190.69.80.170,Pakistan
75,Leo,Golsworthy,lgolsworthy22@yolasite.com,Male,45.59.142.101,Philippines
76,Darrelle,Stendall,dstendall23@1688.com,Female,84.148.110.191,Albania
77,Celine,O'Reilly,coreilly24@php.net,Female,197.212.185.39,Panama
78,Jephthah,Skally,jskally25@columbia.edu,Male,66.83.199.4,Indonesia
79,Jeniece,Button,jbutton26@buzzfeed.com,Female,19.68.194.235,United States
80,Koo,Sharville,ksharville27@tripod.com,Female,222.129.206.231,Cuba
81,Chrissie,Beldham,cbeldham28@360.cn,Male,34.73.37.99,China
82,Kelci,Ambrogelli,kambrogelli29@microsoft.com,Female,15.50.214.234,China
83,Rutledge,McGeady,rmcgeady2a@addtoany.com,Male,75.249.91.105,Portugal
84,Carlen,Bradick,cbradick2b@noaa.gov,Female,139.59.133.75,China
85,Anet,Grigoryov,agrigoryov2c@wufoo.com,Female,76.31.78.93,Kazakhstan
86,Nara,Pareman,npareman2d@tinypic.com,Female,68.156.233.4,Indonesia
87,Felizio,Cringle,fcringle2e@cisco.com,Male,88.51.15.227,Poland
88,Nate,Jurs,njurs2f@irs.gov,Male,199.126.127.83,Canada
89,Sauncho,Malitrott,smalitrott2g@usa.gov,Male,201.144.236.174,Indonesia
90,Doyle,Gronowe,dgronowe2h@salon.com,Male,217.230.8.239,Greece
91,Kirsten,Gedling,kgedling2i@fastcompany.com,Female,116.5.128.60,China
92,Katie,Cicetti,kcicetti2j@cbslocal.com,Female,202.79.22.237,China
93,Delainey,Adamsson,dadamsson2k@twitpic.com,Male,150.105.71.181,Indonesia
94,Rhody,Scardafield,rscardafield2l@sakura.ne.jp,Female,45.89.35.3,China
95,Nerissa,Tampin,ntampin2m@tamu.edu,Female,41.12.132.16,Venezuela
96,Giacinta,Alliott,galliott2n@1688.com,Female,48.209.201.177,Yemen
97,Nyssa,Thornber,nthornber2o@mozilla.org,Female,117.45.255.72,Dominican Republic
98,Sky,Polden,spolden2p@house.gov,Male,191.152.80.171,Russia
99,Hogan,Robbey,hrobbey2q@state.tx.us,Male,27.21.141.180,Malta
100,Orrin,Corbin,ocorbin2r@wisc.edu,Male,155.88.24.46,Thailand
