id,first_name,last_name,email,gender,ip_address,country
1,Lacy,Wooffitt,lwooffitt0@smh.com.au,Female,178.81.174.230,Greece
2,Corly,Ockendon,cockendon1@vkontakte.ru,Female,119.32.197.190,Brazil
3,Maggy,Antoons,mantoons2@google.nl,Female,175.8.240.112,Poland
4,Dionis,Burrett,dburrett3@vk.com,Female,27.85.185.82,China
5,Gizela,Gingell,ggingell4@about.com,Female,163.206.255.180,Colombia
6,Kennie,Heffron,kheffron5@noaa.gov,Male,179.102.20.144,France
7,Rachele,Loddy,rloddy6@cnet.com,Female,98.70.130.155,China
8,Antonin,Forsyth,aforsyth7@tumblr.com,Male,40.134.105.91,Colombia
9,Feodora,Godlip,fgodlip8@mysql.com,Female,1.121.104.133,France
10,Nickie,Melburg,nmelburg9@ocn.ne.jp,Male,197.238.117.146,Sweden
11,Cathyleen,Dowse,cdowsea@wikipedia.org,Female,150.221.242.43,Nigeria
12,Simone,Children,schildrenb@mysql.com,Male,41.243.0.212,Czech Republic
13,Onfre,Alford,oalfordc@ibm.com,Male,119.235.121.117,Indonesia
14,Marius,Latchmore,mlatchmored@weibo.com,Male,64.12.152.106,China
15,Ced,McCloid,cmccloide@adobe.com,Male,159.48.99.157,Cameroon
16,Helenka,Embury,hemburyf@psu.edu,Female,91.27.72.92,Hungary
17,Pierson,Wrennall,pwrennallg@wordpress.com,Male,253.30.46.240,Canada
18,Amata,Edgin,aedginh@bbb.org,Female,252.62.163.57,France
19,Renie,Jenton,rjentoni@narod.ru,Female,96.181.127.202,Brazil
20,Peggie,Lavers,plaversj@vistaprint.com,Female,73.46.129.231,Denmark
21,Doria,Loft,dloftk@com.com,Female,150.137.8.45,Indonesia
22,Willy,Dillinger,wdillingerl@google.com.hk,Male,8.215.217.77,Egypt
23,Berkley,Aupol,baupolm@e-recht24.de,Male,46.219.104.43,Indonesia
24,Lanni,Houselee,lhouseleen@themeforest.net,Female,133.8.0.177,China
25,Melita,Latus,mlatuso@sciencedirect.com,Female,240.31.23.188,Philippines
